,formats,id,name,num_resources,num_tags,star_rating,tags,url
0,"ttl, rdf-xml",bf293fc8-cfe5-42a0-a31b-f47b75285f6d,osi-national-statutory-boundary-linked-data,2,8,5,"adapt, boundary, geospatial, linked data, osi, rdf, sparql, triple fragments",http://data.geohive.ie/
1,"HTML, Esri REST, GeoJSON, CSV, KML, ZIP",3054fb53-b1b4-4148-b2ac-11c99524327d,baronies-osi-national-placenames-gazetteer,6,5,3,"Baronies, OSi National Placenames Gazetteer, OpenData, administrative, placenames",http://data-osi.opendata.arcgis.com/datasets/2c135f2b6ae74415a3d3765cbb12c4e4_1
2,"HTML, Esri REST, GeoJSON, CSV, KML, ZIP",5029a660-de34-41ed-9484-6526d5794a34,centres-of-population-osi-national-placenames-gazetteer,6,5,3,"Centres of Population, OSi National Placenames Gazetteer, OpenData, administrative, placenames",http://data-osi.opendata.arcgis.com/datasets/a608be9bebfb41668096d00cd0e0f8b0_2
3,"HTML, Esri REST, GeoJSON, CSV, KML, ZIP",aa7fe29c-d353-427f-9d88-d8e29699a101,civil-parishes-osi-national-placenames-gazetteer,6,5,3,"Civil Parishes, OSi National Placenames Gazetteer, OpenData, administrative, placenames",http://data-osi.opendata.arcgis.com/datasets/d86002f71396483598af8ab4c14d80f2_3
4,"HTML, Esri REST, GeoJSON, CSV, KML, ZIP",c5385677-c7ea-4c1e-bd73-eb7b265250b2,counties-osi-national-placenames-gazetteer,6,6,3,"Admin, Counties, OSi National Placenames Gazetteer, OpenData, administrative, placenames",http://data-osi.opendata.arcgis.com/datasets/8478aa189ae84039b111ba47c6055791_4
5,"HTML, Esri REST, GeoJSON, CSV, KML, ZIP",bedeb8c9-888b-414a-b4fe-0912e2586314,electoral-districts-osi-national-placenames-gazetteer,6,6,3,"Admin, Electoral Districts, OSi National Placenames Gazetteer, OpenData, administrative, placenames",http://data-osi.opendata.arcgis.com/datasets/57fa003040e945328c33499c12f3a752_5
6,"HTML, Esri REST, GeoJSON, CSV, KML, ZIP",f6d6aac9-b83a-4b50-a928-1d7994339909,townlands-osi-national-placenames-gazetteer,6,5,3,"OSi National Placenames Gazetteer, OpenData, Townlands, administrative, placenames",http://data-osi.opendata.arcgis.com/datasets/520dc731a7504999ada362fe102b9fca_6
7,"HTML, Esri REST, GeoJSON, CSV, KML, ZIP",0500cc9c-b7f0-4466-bdcc-621cbba4dce6,townland-boundaries-generalised-20m-osi-national-statutory-boundaries-2015,6,7,3,"20m, boundaries, dgigovernment, generalised, open data, osi, townland",http://data-osi.opendata.arcgis.com/datasets/eac7bb7caec34abbb6b1a708206924ac_2
8,"HTML, Esri REST, GeoJSON, CSV, KML, ZIP",06fe44d8-9cce-481f-8ddc-89e5d2b5c82d,cso-electoral-divisions-generalised-20m-osi-national-statistical-boundaries-2015,6,8,3,"National, OSi National Statistical Boundaries, Statistical, cso, dgigovernment, ed, electoral divisions, osi",http://data-osi.opendata.arcgis.com/datasets/7ad99a60cbc544e2b5757ef0effd676d_1
9,"HTML, Esri REST, GeoJSON, CSV, KML, ZIP",753ede36-be19-4e66-9ad3-81fa5f189deb,gaeltacht-boundaries-generalised-100m-osi-national-administrative-boundaries-2015,6,16,3,"100m, Administrative, Gaeltacht, National, Náisiúnta, OSi National Administrative Boundaries, Riaracháin, Teorainneacha Riaracháin Náisiúnta OSi, boundaries, dgigovernment, generalised, ginearálta, open data, osi, sonraí oscailte, teorainneacha",http://data-osi.opendata.arcgis.com/datasets/5b917d8f646b475dbb1b687fb1a068cf_0
10,"HTML, Esri REST, GeoJSON, CSV, KML, ZIP",8448f59f-a8f4-4d2b-b7fd-e904db882401,motorway-access-exit-points-osi-national-1m-map-of-ireland,6,5,3,"Motorway Access  Exit Points, OSi National 1m Map Of Ireland, OpenData, built environment, transportation",http://data-osi.opendata.arcgis.com/datasets/b2fec3c4ba6d4837b1d3f95722087b52_7
11,"HTML, Esri REST, GeoJSON, CSV, KML, ZIP",faeebb05-9519-4dec-97c1-b18ccd967c8c,ferry-stations-osi-national-250k-map-of-ireland,6,5,3,"Ferry Stations, OSi National 250k Map of Ireland, OpenData, built environment, transportation",http://data-osi.opendata.arcgis.com/datasets/c5dac66e678b41528e12791079bcd7cc_26
12,"HTML, Esri REST, GeoJSON, CSV, KML, ZIP",49faf5e2-23e0-4ec8-b5e5-2a22edbea157,railway-stations-osi-national-250k-map-of-ireland,6,5,3,"OSi National 250k Map of Ireland, OpenData, Railway Stations, built environment, transportation",http://data-osi.opendata.arcgis.com/datasets/f9d90bd784054da9966fbb623fd92489_20
13,"HTML, Esri REST, GeoJSON, CSV, KML, ZIP",8a17c4ba-9742-4e1d-bfaf-3d8e1fd2eb27,rail-network-osi-national-250k-map-of-ireland,6,5,3,"OSi National 250k Map of Ireland, OpenData, Rail Network, built environment, transportation",http://data-osi.opendata.arcgis.com/datasets/378ee8a97e754d5da4a3d42c50aaf1ba_21
14,"HTML, Esri REST, GeoJSON, CSV, KML, ZIP",c49e862b-0788-4151-9263-8ef567fc4a1f,power-plants-osi-national-250k-map-of-ireland,6,4,3,"OSi National 250k Map of Ireland, OpenData, Power Plants, built environment",http://data-osi.opendata.arcgis.com/datasets/08ca492a1931414e85f94d560c28d483_18
15,"HTML, Esri REST, GeoJSON, CSV, KML, ZIP",5a56928a-4ab8-4cab-b67e-1c4e32102ba1,main-harbours-osi-national-250k-map-of-ireland,6,4,3,"Main Harbours, OSi National 250k Map of Ireland, OpenData, built environment",http://data-osi.opendata.arcgis.com/datasets/13783d345afa466f877c167b74574b0e_4
16,"HTML, Esri REST, GeoJSON, CSV, KML, ZIP",7aa58147-a3b8-4886-9eb2-cd82ee2b0c8f,reservoirs-osi-national-250k-map-of-ireland,6,6,3,"OSi National 250k Map of Ireland, OpenData, Reservoirs, built environment, environment, water",http://data-osi.opendata.arcgis.com/datasets/ceaf052d1d29463e94963a9237cf8e48_3
17,"HTML, Esri REST, GeoJSON, CSV, KML, ZIP",bc018f97-103a-456d-91e3-b9f843f14057,road-rail-intersections-osi-national-250k-map-of-ireland,6,5,3,"OSi National 250k Map of Ireland, OpenData, Road  Rail Intersections, built environment, transportation",http://data-osi.opendata.arcgis.com/datasets/48b6f4423ff440f185670fccf950db7c_19
18,"HTML, Esri REST, GeoJSON, CSV, KML, ZIP",b9c26c43-010b-45a8-a77b-cf2477194992,boundaries-seawater-area-osi-national-250k-map-of-ireland,6,7,3,"Admin, Boundaries Seawater Area, OSi National 250k Map of Ireland, OpenData, administrative, boundaries, environment",http://data-osi.opendata.arcgis.com/datasets/13ba494910dd4a05b9382502be3a74ab_12
19,"HTML, Esri REST, GeoJSON, CSV, KML, ZIP",02032d03-0034-4691-a581-be5edfe1f957,admin-boundaries-osi-national-250k-map-of-ireland,6,6,3,"Admin, Admin Boundaries, OSi National 250k Map of Ireland, OpenData, administrative, boundaries",http://data-osi.opendata.arcgis.com/datasets/7539e8ff22074292b54703a0617c6053_34
20,"HTML, Esri REST, GeoJSON, CSV, KML, ZIP",e041c646-f235-4241-ac6a-f7ad26a215ab,admin-boundary-areas-osi-national-250k-map-of-ireland,6,6,3,"Admin, Admin Boundary Areas, OSi National 250k Map of Ireland, OpenData, administrative, boundaries",http://data-osi.opendata.arcgis.com/datasets/22e4becda6d442f691bca71cbb24de04_30
21,"HTML, Esri REST, GeoJSON, CSV, KML, ZIP",a597d61e-d63a-475a-bcfd-cef01538c383,park-areas-osi-national-250k-map-of-ireland,6,5,3,"OSi National 250k Map of Ireland, OpenData, Park Areas, built environment, environment",http://data-osi.opendata.arcgis.com/datasets/c90aafb8dee142a085974fceaf44028c_31
22,"HTML, Esri REST, GeoJSON, CSV, KML, ZIP",562b84fa-cdc3-4291-ae19-af2ae1e76925,road-interchanges-osi-national-250k-map-of-ireland,6,5,3,"OSi National 250k Map of Ireland, OpenData, Road Interchanges, built environment, transportation",http://data-osi.opendata.arcgis.com/datasets/4422c5ceaf1340109c481f156851bb28_25
23,"HTML, Esri REST, GeoJSON, CSV, KML, ZIP",a3df6445-532f-4533-af1e-182f3ebe2e8d,other-harbours-osi-national-250k-map-of-ireland,6,4,3,"OSi National 250k Map of Ireland, OpenData, Other Harbours, built environment",http://data-osi.opendata.arcgis.com/datasets/7521ef7727b6407bb3c9305fba05c26c_5
24,"HTML, Esri REST, GeoJSON, CSV, KML, ZIP",1ebc9cfd-b5d5-49a1-bea7-e06ef2cf0134,lakes-reservoirs-osi-national-250k-map-of-ireland,6,6,3,"Lakes  Reservoirs, OSi National 250k Map of Ireland, OpenData, built environment, environment, water",http://data-osi.opendata.arcgis.com/datasets/582be413d6af49aba7437d7e8ecf541a_10
25,"HTML, Esri REST, GeoJSON, CSV, KML, ZIP",99d9723c-6c4b-4a96-b09d-f4965285e7d5,sea-area-osi-national-250k-map-of-ireland,6,5,3,"OSi National 250k Map of Ireland, OpenData, Sea Area, administrative, environment",http://data-osi.opendata.arcgis.com/datasets/e4dc7d3de1074e8a9e80997dc0f5fdd6_11
26,"HTML, Esri REST, GeoJSON, CSV, KML, ZIP",c711e86c-bb99-481c-9124-b1afb83d3d19,built-up-areas-points-osi-national-250k-map-of-ireland,6,5,3,"Built Up Areas Points, OSi National 250k Map of Ireland, OpenData, administrative, built environment",http://data-osi.opendata.arcgis.com/datasets/ebd72d8dd0994c3d974af8448114825e_16
27,"HTML, Esri REST, GeoJSON, CSV, KML, ZIP",699c4a7c-c507-4450-9092-cf1151360b0b,heritage-osi-national-250k-map-of-ireland,6,5,3,"Heritage, OSi National 250k Map of Ireland, OpenData, built environment, environment",http://data-osi.opendata.arcgis.com/datasets/3e1c362fe41945aebebe95d98fd5e6a8_14
28,"HTML, Esri REST, GeoJSON, CSV, KML, ZIP",ff31ba31-0555-4dad-ae7d-e1bd0da1bd3c,built-up-areas-osi-national-250k-map-of-ireland,6,5,3,"Built Up Areas, OSi National 250k Map of Ireland, OpenData, administrative, built environment",http://data-osi.opendata.arcgis.com/datasets/c3575e736a0443c5937dde1c3f9abd18_33
29,"HTML, Esri REST, GeoJSON, CSV, KML, ZIP",01f6bb6a-57ba-4127-90d5-63e7d83ae91c,ferry-crossings-osi-national-250k-map-of-ireland,6,4,3,"Ferry Crossings, OSi National 250k Map of Ireland, OpenData, transportation",http://data-osi.opendata.arcgis.com/datasets/ae467867597e45379c69ed8581aa38e9_27
30,"HTML, Esri REST, GeoJSON, CSV, KML, ZIP",1ae0004a-49ff-46d4-b229-c27c289cc9ba,water-osi-national-250k-map-of-ireland,6,5,3,"OSi National 250k Map of Ireland, OpenData, Water, environment, water",http://data-osi.opendata.arcgis.com/datasets/139b26b076d5422bb49871e64eb10abf_8
31,"HTML, Esri REST, GeoJSON, CSV, KML, ZIP",8bf5ee80-0a7c-412c-824f-4e307ef094ba,hydro-nodes-osi-national-250k-map-of-ireland,6,5,3,"Hydro Nodes, OSi National 250k Map of Ireland, OpenData, environment, water",http://data-osi.opendata.arcgis.com/datasets/25d1b5cd3fbe49ccba0aa35660852949_7
32,"HTML, Esri REST, GeoJSON, CSV, KML, ZIP",b127dacf-56d6-4854-b83f-98c112b18b04,islands-osi-national-250k-map-of-ireland,6,5,3,"Islands, OSi National 250k Map of Ireland, OpenData, environment, water",http://data-osi.opendata.arcgis.com/datasets/c7b7ae4e954749259aa5777c308f3bd5_1
33,"HTML, Esri REST, GeoJSON, CSV, KML, ZIP",559c48bf-dfa1-4c65-9c17-f3bd291c2877,geographical-names-osi-national-250k-map-of-ireland,6,6,3,"Geographical Names, OSi National 250k Map of Ireland, OpenData, environment, placenames, water",http://data-osi.opendata.arcgis.com/datasets/ea7b415996d44dbfaadb0408ca017e79_15
34,"HTML, Esri REST, GeoJSON, CSV, KML, ZIP",c4940dd4-60c1-4592-98a8-074f824cae90,waterfalls-osi-national-250k-map-of-ireland,6,5,3,"OSi National 250k Map of Ireland, OpenData, Waterfalls, environment, water",http://data-osi.opendata.arcgis.com/datasets/1f0794f1145d49269da59fc8b1cbabf4_2
35,"HTML, Esri REST, GeoJSON, CSV, KML, ZIP",762cf98f-5577-4bbc-a72b-a26165ce5285,coast-osi-national-250k-map-of-ireland,6,5,3,"Coast, OSi National 250k Map of Ireland, OpenData, environment, water",http://data-osi.opendata.arcgis.com/datasets/0682a204da954275bd02df5d11d523b7_6
36,"HTML, Esri REST, GeoJSON, CSV, KML, ZIP",04f9be6d-1672-439a-835c-ff1d39d1f0a5,shore-osi-national-250k-map-of-ireland,6,5,3,"OSi National 250k Map of Ireland, OpenData, Shore, environment, water",http://data-osi.opendata.arcgis.com/datasets/3385c355beb246be99cdac76e4add312_9
37,"HTML, Esri REST, GeoJSON, CSV, KML, ZIP",911b245c-5203-4a3b-b3b9-05506a55a9a9,vegetation-areas-osi-national-250k-map-of-ireland,6,4,3,"OSi National 250k Map of Ireland, OpenData, Vegetation Areas, environment",http://data-osi.opendata.arcgis.com/datasets/ae4f102734294f0ab7c70dd1720afc11_32
38,"HTML, Esri REST, GeoJSON, CSV, KML, ZIP",bb3e5196-8dd6-4f94-9f8c-c35f01006557,landmask-osi-national-250k-map-of-ireland,6,5,3,"Landmask, OSi National 250k Map of Ireland, OpenData, environment, water",http://data-osi.opendata.arcgis.com/datasets/3f9c392e26ce420aaa91d2fc5d48a962_35
39,"HTML, Esri REST, GeoJSON, CSV, KML, ZIP",cdf65760-b139-4e19-b24c-b838fb55a5b5,watercourse-start-end-points-osi-national-1m-map-of-ireland,6,5,3,"OSi National 1m Map Of Ireland, OpenData, Watercourse Start  End Points, environment, water",http://data-osi.opendata.arcgis.com/datasets/90f30de051394c37bb075265d6b0e61e_24
40,"HTML, Esri REST, GeoJSON, CSV, KML, ZIP",20396eb1-bcc3-4188-b962-4b7ac294122a,roads-osi-national-250k-map-of-ireland,6,5,3,"OSi National 250k Map of Ireland, OpenData, Roads, built environment, transportation",http://data-osi.opendata.arcgis.com/datasets/1434c3b05da742cdb47e00040edc9dd5_24
41,"HTML, Esri REST, GeoJSON, CSV, KML, ZIP",5eda0dc1-2307-4c1a-9207-db3c8f036db3,boundaries-seawater-line-osi-national-1m-map-of-ireland,6,6,3,"Boundaries Seawater Line, OSi National 1m Map Of Ireland, OpenData, administrative, boundaries, environment",http://data-osi.opendata.arcgis.com/datasets/5c7c020c39e64691857d9e4c884f98aa_26
42,"HTML, Esri REST, GeoJSON, CSV, KML, ZIP",cf3521e5-dc6a-4f07-bae0-a6b9c52dcf6b,road-intersections-osi-national-1m-map-of-ireland,6,5,3,"Intersections, OSi National 1m Map Of Ireland, OpenData, built environment, transportation",http://data-osi.opendata.arcgis.com/datasets/a5bd5459d175460895aed004f3f64515_5
43,"HTML, Esri REST, GeoJSON, CSV, KML, ZIP",0cf74094-9ee3-4248-adf4-70294f7469ae,airports-osi-national-250k-map-of-ireland,6,5,3,"Airports, OSi National 250k Map of Ireland, OpenData, built environment, transportation",http://data-osi.opendata.arcgis.com/datasets/1ace692fe9fd4a648ee78347ad571de2_22
44,"HTML, Esri REST, GeoJSON, CSV, KML, ZIP",d1033907-16b6-4ea2-bd08-551f679edaa3,mountains-osi-national-1m-map-of-ireland,6,4,3,"Mountains, OSi National 1m Map Of Ireland, OpenData, environment",http://data-osi.opendata.arcgis.com/datasets/8db7cf82017840c18b3f058478114aad_17
45,"HTML, Esri REST, GeoJSON, CSV, KML, ZIP",a56fa94d-fd4b-4081-ad3b-80f57ca768d1,admin-areas-osi-national-1m-map-of-ireland,6,5,3,"Admin, Admin Areas, OSi National 1m Map Of Ireland, OpenData, administrative",http://data-osi.opendata.arcgis.com/datasets/930db87c5f5746f79dc7663c28b6d2ef_14
46,"HTML, Esri REST, GeoJSON, CSV, KML, ZIP",5938b874-078f-4643-9558-cb9f60619740,runways-osi-national-250k-map-of-ireland,6,5,3,"OSi National 250k Map of Ireland, OpenData, Runways, built environment, transportation",http://data-osi.opendata.arcgis.com/datasets/1b62c17f47e54f2c888501c9b584db1a_23
47,"HTML, Esri REST, GeoJSON, CSV, KML, ZIP",8741bde9-87e3-404c-8ca8-e46a540537ae,airfield-areas-osi-national-250k-map-of-ireland,6,5,3,"Airfield Areas, OSi National 250k Map of Ireland, OpenData, built environment, transportation",http://data-osi.opendata.arcgis.com/datasets/1d6c54325dfe499c88f659ae3d0ca3b3_28
48,"HTML, Esri REST, GeoJSON, CSV, KML, ZIP",4295d842-c0af-4605-a104-c7108db2d4e2,border-exits-entrances-osi-national-1m-map-of-ireland,6,4,3,"Exit  Entrance, OSi National 1m Map Of Ireland, OpenData, administrative",http://data-osi.opendata.arcgis.com/datasets/e8fc37f8e6eb4ec98806b7cf0bfce6ab_8
49,"HTML, Esri REST, GeoJSON, CSV, KML, ZIP",0592cd73-1030-440c-abe7-37f66dd201a1,local-authorities-osi-national-placenames-gazetteer,6,6,3,"Admin, Local Authorities, OSi National Placenames Gazetteer, OpenData, administrative, placenames",http://data-osi.opendata.arcgis.com/datasets/cd369e89bf1843d5b4dc74f5f5dc99fd_0
50,"HTML, Esri REST, GeoJSON, CSV, KML, ZIP",e2cdbc98-94ec-46a0-83b1-2a3d0f119ede,sea-osi-national-1m-map-of-ireland,6,4,3,"OSi National 1m Map Of Ireland, OpenData, Sea, environment",http://data-osi.opendata.arcgis.com/datasets/2397bcec9aca42b081468a535d7a514e_25
51,"HTML, Esri REST, GeoJSON, CSV, KML, ZIP",c8fa780a-3a2e-40a4-8be1-f26cf4bead92,islands-osi-national-1m-map-of-ireland,6,5,3,"Islands, OSi National 1m Map Of Ireland, OpenData, environment, water",http://data-osi.opendata.arcgis.com/datasets/6deedc2c47b940868fb1e66505b7120f_28
52,"HTML, Esri REST, GeoJSON, CSV, KML, ZIP",2f292b29-df16-4811-b4a9-408d69d5d4dd,nuts2-boundaries-generalised-50m-osi-national-statistical-boundaries-2015,6,11,3,"50m, NUTS, NUTS2, National, OSi National Statistical Boundaries, Statistical, boundaries, dgigovernment, generalised, open data, osi",http://data-osi.opendata.arcgis.com/datasets/0adfdfac9809450db27c394d3fea2e19_1
53,"HTML, Esri REST, GeoJSON, CSV, KML, ZIP",34269e78-876c-4809-8438-77427939b3ee,constituency-boundaries-ungeneralised-osi-national-electoral-boundaries,6,9,3,"Electoral, National, OSi National Electoral Boundaries, boundaries, constituency, dgigovernment, open data, osi, ungeneralised",http://data-osi.opendata.arcgis.com/datasets/ef0c0924d5ea4a0d875b5407d39eea03_0
54,"HTML, Esri REST, GeoJSON, CSV, KML, ZIP",4111b6ce-52c1-4cb1-b19b-a505ef0767fa,constituency-boundaries-generalised-100m-osi-national-electoral-boundaries,6,10,3,"100m, Electoral, National, OSi National Electoral Boundaries, boundaries, constituency, dgigovernment, generalised, open data, osi",http://data-osi.opendata.arcgis.com/datasets/b56e2d57dd30413687c9676cdb45847e_3
55,"HTML, Esri REST, GeoJSON, CSV, KML, ZIP",07188a82-41aa-47d8-b8f4-cea5542fe154,constituency-boundaries-generalised-50m-osi-national-electoral-boundaries,6,10,3,"20m, Electoral, National, OSi National Electoral Boundaries, boundaries, constituency, dgigovernment, generalised, open data, osi",http://data-osi.opendata.arcgis.com/datasets/8e887643ddff4234ad9388e279ffd543_2
56,"HTML, Esri REST, GeoJSON, CSV, KML, ZIP",a9b4d1e5-eb41-42f4-9dc1-a52bb53db00d,nuts3-boundaries-ungeneralised-osi-national-statistical-boundaries-2015,6,10,3,"NUTS, NUTS3, National, OSi National Statistical Boundaries, Statistical, boundaries, dgigovernment, open data, osi, ungeneralised",http://data-osi.opendata.arcgis.com/datasets/6ecb0a452ce545a6944ae7a26a891d2b_3
57,"HTML, Esri REST, GeoJSON, CSV, KML, ZIP",82689d6c-479c-4f3e-85e5-dc9b5d1edb97,nuts3-boundaries-generalised-100m-osi-national-statistical-boundaries-2015,6,11,3,"100m, NUTS, NUTS3, National, OSi National Statistical Boundaries, Statistical, boundaries, dgigovernment, generalised, open data, osi",http://data-osi.opendata.arcgis.com/datasets/364949f58e65474e8018ebf27d78e55e_0
58,"HTML, Esri REST, GeoJSON, CSV, KML, ZIP",20206637-d6a9-4e93-83f1-99e221024a9e,nuts3-boundaries-generalised-20m-osi-national-statistical-boundaries-2015,6,11,3,"20m, NUTS, NUTS3, National, OSi National Statistical Boundaries, Statistical, boundaries, dgigovernment, generalised, open data, osi",http://data-osi.opendata.arcgis.com/datasets/1a5d91a11ad9454d865ad426bbf5bc37_2
59,"HTML, Esri REST, GeoJSON, CSV, KML, ZIP",914d601c-5d92-475c-8ef9-8e270abfcbb3,nuts2-boundaries-generalised-100m-osi-national-statistical-boundaries-2015,6,11,3,"100m, NUTS, NUTS2, National, OSi National Statistical Boundaries, Statistical, boundaries, dgigovernment, generalised, open data, osi",http://data-osi.opendata.arcgis.com/datasets/3e8640aec4124edc890f4c6e8ee919c8_0
60,"HTML, Esri REST, GeoJSON, CSV, KML, ZIP",c081af68-98df-4773-af1b-127e687d0d85,townland-boundaries-ungeneralised-osi-national-statutory-boundaries-2015,6,6,3,"boundaries, dgigovernment, open data, osi, townland, ungeneralised",http://data-osi.opendata.arcgis.com/datasets/3d734b78807243bc87dbbdb1c3b4a533_3
61,"HTML, Esri REST, GeoJSON, CSV, KML, ZIP",4b04c9dc-0f0c-4499-b7fb-f1be28957840,townland-boundaries-generalised-100m-osi-national-statutory-boundaries-2015,6,7,3,"100m, boundaries, dgigovernment, generalised, open data, osi, townland",http://data-osi.opendata.arcgis.com/datasets/2655e0f4e9c541bda4839ad2396911ba_0
62,"HTML, Esri REST, GeoJSON, CSV, KML, ZIP",ce860cfb-3a9c-4e56-a4d9-98251ae63a08,province-boundaries-ungeneralised-osi-national-administrative-boundaries-2015,6,9,3,"Administrative, National, OSi  National  Administrative  Boundaries, boundaries, dgigovernment, open data, osi, provinces, ungeneralised",http://data-osi.opendata.arcgis.com/datasets/b1b11bee5cbe4989812fd517f5ac3039_3
63,"HTML, Esri REST, GeoJSON, CSV, KML, ZIP",2dd8eecc-b927-4d35-8ee1-c22fa3819118,local-electoral-areas-boundaries-generalised-100m-osi-national-administrative-boundaries-2015,6,14,3,"100m, Admin, Administrative, National, OSi National Administrative Boundaries, areas, boundaries, dgigovernment, electoral, generalised, lea, local, open data, osi",http://data-osi.opendata.arcgis.com/datasets/f4d99d2df9b74b739b0168616c7e0bc2_0
64,"HTML, Esri REST, GeoJSON, CSV, KML, ZIP",31c7098d-5119-43d2-a4c1-983892f8e1f6,local-electoral-areas-boundaries-generalised-50m-osi-national-administrative-boundaries-2015,6,12,3,"50m, Admin, Administrative, National, OSi National Administrative Boundaries, boundaries, dgigovernment, districts, electoral, generalised, open data, osi",http://data-osi.opendata.arcgis.com/datasets/1d478aac89d1487b8ede9a95b601af24_1
65,"HTML, Esri REST, GeoJSON, CSV, KML, ZIP",c5246bd1-2cae-4102-b13f-f825b1a21538,constituency-boundaries-generalised-20m-osi-national-electoral-boundaries,6,10,3,"20m, Electoral, National, OSi National Electoral Boundaries, boundaries, constituency, dgigovernment, generalised, open data, osi",http://data-osi.opendata.arcgis.com/datasets/944669a217c949b7936473da9bb12238_1
66,"HTML, Esri REST, GeoJSON, CSV, KML, ZIP",37fe98d5-5ceb-4872-8b1c-868ff1b459d5,province-boundaries-generalised-50m-osi-national-administrative-boundaries-2015,6,10,3,"50m, Administrative, National, OSi National Administrative Boundaries, boundaries, dgigovernment, generalised, open data, osi, provinces",http://data-osi.opendata.arcgis.com/datasets/c2bbfd4f0a014c2fb8c267786892fc3c_1
67,"HTML, Esri REST, GeoJSON, CSV, KML, ZIP",6cd8398f-2f3e-4743-9e7d-99387d0be096,small-areas-ungeneralised-osi-national-statistical-boundaries-2015,6,15,3,"National, OSi National Statistical Boundaries, Statistical, areas, central, cso, dgigovernment, ireland, office, ordnance, osi, small, statistics, survey, ungeneralised",http://data-osi.opendata.arcgis.com/datasets/c85e610da1464178a2cd84a88020c8e2_3
68,"HTML, Esri REST, GeoJSON, CSV, KML, ZIP",a59a2b3f-2deb-4019-b5ed-5a9d4a40be5f,townland-boundaries-generalised-50m-osi-national-statutory-boundaries-2015,6,7,3,"50m, boundaries, dgigovernment, generalised, open data, osi, townland",http://data-osi.opendata.arcgis.com/datasets/f59085856be84b5c8a891e8f1b9a68f9_1
69,"HTML, Esri REST, GeoJSON, CSV, KML, ZIP",df2dea0a-5282-4e90-a7a9-86cc64b00d35,cork-city-local-electoral-areas-boundaries-generalised-100m-osi-national-administrative-bo-2015,6,14,3,"100m, Administrative, National, OSi National Administrative Boundaries, areas, boundaries, cork, dgigovernment, electoral, generalised, lea, local, open data, osi",http://data-osi.opendata.arcgis.com/datasets/ead009ab5d3b4607a45017ce289846db_0
70,"HTML, Esri REST, GeoJSON, CSV, KML, ZIP",f8ee3b0c-3281-4525-88ea-599872a1f4e4,local-electoral-areas-boundaries-ungeneralised-osi-national-administrative-boundaries-2015,6,11,3,"Admin, Administrative, National, OSi National Administrative Boundaries, boundaries, dgigovernment, districts, electoral, open data, osi, ungeneralised",http://data-osi.opendata.arcgis.com/datasets/1516dc49dfc64395b5a6ff582cba8150_3
71,"HTML, Esri REST, GeoJSON, CSV, KML, ZIP",2f0f56f9-b96f-4f1e-b91e-f8451efc0d3a,gaeltacht-language-planning-area-boundaries-generalised-100m-osi-national-administrative-b-2015,6,23,3,"100m, Administrative, Areas, Gaeltacht, Language, Limistéir, National, Náisiúnta, OSi, OSi National Administrative Boundaries, Planning, Pleanáil, Riaracháin, Teanga, Teorainneacha Riaracháin Náisiúnta OSi, boundaries, dgigovernment, generalised, ginearálta, open data, osi, sonraí oscailte, teorainneacha",http://data-osi.opendata.arcgis.com/datasets/e93555ff2a364c43867c5b3650356003_0
72,"HTML, Esri REST, GeoJSON, CSV, KML, ZIP",b5d4c578-f05f-4b10-bc41-6cf851f8b643,settlements-generalised-50m-osi-national-statistical-boundaries-2015,6,9,3,"50m, Boundaries, Generalised, National, OSi, OSi National Statistical Boundaries, Settlements, Statistical, dgigovernment",http://data-osi.opendata.arcgis.com/datasets/fe48c32789bd441ba4b57cb63755cea5_2
73,"HTML, Esri REST, GeoJSON, CSV, KML, ZIP",16104cd1-6c5e-43d8-8dc8-750f4f506081,cork-city-local-electoral-areas-boundaries-ungeneralised-osi-national-administrative-bound-2015,6,13,3,"Administrative, National, OSi National Administrative Boundaries, areas, boundaries, cork, dgigovernment, electoral, lea, local, open data, osi, ungeneralised",http://data-osi.opendata.arcgis.com/datasets/2a5a7463e6584ae2ba29455c65b84aea_3
74,"HTML, Esri REST, GeoJSON, CSV, KML, ZIP",fae1eaed-bb09-4871-a373-cc1703aae73d,local-electoral-areas-boundaries-generalised-20m-osi-national-administrative-boundaries-2015,6,12,3,"20m, Admin, Administrative, National, OSi National Administrative Boundaries, boundaries, dgigovernment, districts, electoral, generalised, open data, osi",http://data-osi.opendata.arcgis.com/datasets/b4dd6af2426748abae61656293aafa27_2
75,"HTML, Esri REST, GeoJSON, CSV, KML, ZIP",17c5ad46-64a8-4746-bc12-f1381b27fa68,small-areas-generalised-100m-osi-national-statistical-boundaries-2015,6,16,3,"100m, National, OSi National Statistical Boundaries, Statistical, areas, central, cso, dgigovernment, generalised, ireland, office, ordnance, osi, small, statistics, survey",http://data-osi.opendata.arcgis.com/datasets/67b560bcb1804636a8f69236d76b7f20_0
76,"HTML, Esri REST, GeoJSON, CSV, KML, ZIP",a9ae11bf-b269-40b2-9ec9-f9ed1bf93a59,small-areas-generalised-50m-osi-national-statistical-boundaries-2015,6,16,3,"50m, National, OSi National Statistical Boundaries, Statistical, areas, central, cso, dgigovernment, generalised, ireland, office, ordnance, osi, small, statistics, survey",http://data-osi.opendata.arcgis.com/datasets/4f55f1a4bcd34e5fb5c8e6e20cadb09e_2
77,"HTML, Esri REST, GeoJSON, CSV, KML, ZIP",424902e4-d9d0-4afd-b058-dc1dd53b3fd5,gaeltacht-boundaries-generalised-50m-osi-national-administrative-boundaries-2015,6,16,3,"50m, Administrative, Gaeltacht, National, Náisiúnta, OSi National Administrative Boundaries, Riaracháin, Teorainneacha Riaracháin Náisiúnta OSi, boundaries, dgigovernment, generalised, ginearálta, open data, osi, sonraí oscailte, teorainneacha",http://data-osi.opendata.arcgis.com/datasets/230f26c12984417983641a55b0cea605_1
78,"HTML, Esri REST, GeoJSON, CSV, KML, ZIP",a9804eb4-2c95-4123-bd90-f95e46db3925,province-boundaries-generalised-100m-osi-national-administrative-boundaries-2015,6,10,3,"100m, Administrative, National, OSi National Administrative Boundaries, boundaries, dgigovernment, generalised, open data, osi, provinces",http://data-osi.opendata.arcgis.com/datasets/c551cb0ed0cb4e66b13cc201ee176445_0
79,"HTML, Esri REST, GeoJSON, CSV, KML, ZIP",7d14f0e1-93f9-45cc-bc0d-eb07419732d6,gaeltacht-language-planning-area-boundaries-generalised-50m-osi-national-administrative-bo-2015,6,23,3,"50m, Administrative, Areas, Gaeltacht, Language, Limistéir, National, Náisiúnta, OSi, OSi National Administrative Boundaries, Planning, Pleanáil, Riaracháin, Teanga, Teorainneacha Riaracháin Náisiúnta OSi, boundaries, dgigovernment, generalised, ginearálta, open data, osi, sonraí oscailte, teorainneacha",http://data-osi.opendata.arcgis.com/datasets/37676778d80249088b9d054b69ef293d_1
80,"HTML, Esri REST, GeoJSON, CSV, KML, ZIP",f5acfa19-2b3e-42b1-8393-32ef16251cec,electoral-districts-boundaries-generalised-100m-osi-national-administrative-boundaries-2015,6,11,3,"100m, Administrative, National, OSi National Administrative Boundaries, boundaries, dgigovernment, districts, electoral, generalised, open data, osi",http://data-osi.opendata.arcgis.com/datasets/66a8ff8936974265a4c8c2c01b5cbca1_0
81,"HTML, Esri REST, GeoJSON, CSV, KML, ZIP",51c594f9-ffc6-49a4-9fb9-2e5bf42db8ca,cso-electoral-divisions-ungeneralised-osi-national-statistical-boundaries-2015,6,8,3,"National, OSi National Statistical Boundaries, Statistical, cso, dgigovernment, ed, electoral divisions, osi",http://data-osi.opendata.arcgis.com/datasets/9dcb2f00f16140bcac1610f678af6577_0
82,"HTML, Esri REST, GeoJSON, CSV, KML, ZIP",04caf9c1-12f5-4fd2-9a33-81e2c319e752,nuts2-boundaries-generalised-20m-osi-national-statistical-boundaries-2015,6,11,3,"20m, NUTS, NUTS2, National, OSi National Statistical Boundaries, Statistical, boundaries, dgigovernment, generalised, open data, osi",http://data-osi.opendata.arcgis.com/datasets/62e0cf326bab442897944e4dc4999c16_2
83,"HTML, Esri REST, GeoJSON, CSV, KML, ZIP",b99aabea-c3e7-482c-885f-2d4f8bef50f5,electoral-districts-boundaries-generalised-50m-osi-national-administrative-boundaries-2015,6,11,3,"50m, Administrative, National, OSi National Administrative Boundaries, boundaries, dgigovernment, districts, electoral, generalised, open data, osi",http://data-osi.opendata.arcgis.com/datasets/c80972087c7e4b16896f4e4e0134bf82_1
84,"HTML, Esri REST, GeoJSON, CSV, KML, ZIP",254b4c81-4b12-4369-bc1d-55a382eedd23,cso-electoral-divisions-generalised-50m-osi-national-statistical-boundaries-2015,6,8,3,"National, OSi National Statistical Boundaries, Statistical, cso, dgigovernment, eds, electoral divisions, osi",http://data-osi.opendata.arcgis.com/datasets/520ced30fce546df8fb15928998904b8_2
85,"HTML, Esri REST, GeoJSON, CSV, KML, ZIP",eac0a633-078a-41c6-9bf3-0999af8acf20,cork-city-local-electoral-areas-boundaries-generalised-50m-osi-national-administrative-bou-2015,6,10,3,"50m, Administrative, National, OSi National Administrative Boundaries, cork city, dgigovernment, generalised, lea, open data, osi",http://data-osi.opendata.arcgis.com/datasets/fe34aab51be9402cbc29a959f51d683f_1
86,"HTML, Esri REST, GeoJSON, CSV, KML, ZIP",5f3dc54a-80d2-42b0-bb22-7a5150cc52d9,cso-electoral-divisions-generalised-100m-osi-national-statistical-boundaries-2015,6,8,3,"National, OSi National Statistical Boundaries, Statistical, cso, dgigovernment, eds, electoral divisions, osi",http://data-osi.opendata.arcgis.com/datasets/9605fd98b25345d580fa26963fb7b385_3
87,"HTML, Esri REST, GeoJSON, CSV, KML, ZIP",451241d4-0e23-4f91-b896-e33e168d0895,electoral-districts-boundaries-generalised-20m-osi-national-administrative-boundaries-2015,6,11,3,"20m, Administrative, National, OSi National Administrative Boundaries, boundaries, dgigovernment, districts, electoral, generalised, open data, osi",http://data-osi.opendata.arcgis.com/datasets/3508478c347147648aa5255428f7002d_2
88,"HTML, Esri REST, GeoJSON, CSV, KML, ZIP",87792349-8ebf-487e-98b7-caa31a43e779,province-boundaries-generalised-20m-osi-national-administrative-boundaries-2015,6,10,3,"20m, Administrative, National, OSi National Administrative Boundaries, boundaries, dgigovernment, generalised, open data, osi, provinces",http://data-osi.opendata.arcgis.com/datasets/768676081f7e4cc59b243d273befbced_2
89,"HTML, Esri REST, GeoJSON, CSV, KML, ZIP",87a39ae3-7bac-4c6a-a49e-37856c38df4e,gaeltacht-boundaries-generalised-20m-osi-national-statutory-boundaries-2015,6,16,3,"20m, Administrative, Gaeltacht, National, Náisiúnta, OSi National Administrative Boundaries, Riaracháin, Teorainneacha Riaracháin Náisiúnta OSi, boundaries, dgigovernment, generalised, ginearálta, open data, osi, sonraí oscailte, teorainneacha",http://data-osi.opendata.arcgis.com/datasets/da507b1af12b45e9b6559bbc7ed387f8_2
90,"HTML, Esri REST, GeoJSON, CSV, KML, ZIP",a496cd66-79c2-4c85-ad26-f4e56dc094ff,small-areas-generalised-20m-osi-national-statistical-boundaries-2015,6,16,3,"20m, National, OSi National Statistical Boundaries, Statistical, areas, central, cso, dgigovernment, generalised, ireland, office, ordnance, osi, small, statistics, survey",http://data-osi.opendata.arcgis.com/datasets/68b14cef8cf247b191ee2737e7e6993d_1
91,"HTML, Esri REST, GeoJSON, CSV, KML, ZIP",b786510e-5b5d-464a-91e0-fc11c86f27ea,gaeltacht-language-planning-area-boundaries-generalised-20m-osi-national-administrative-bo-2015,6,23,3,"20m, Administrative, Areas, Gaeltacht, Language, Limistéir, National, Náisiúnta, OSi, OSi National Administrative Boundaries, Planning, Pleanáil, Riaracháin, Teanga, Teorainneacha Riaracháin Náisiúnta OSi, boundaries, dgigovernment, generalised, ginearálta, open data, osi, sonraí oscailte, teorainneacha",http://data-osi.opendata.arcgis.com/datasets/18285d9d5a214350ae820c17d07a9d85_2
92,"HTML, Esri REST, GeoJSON, CSV, KML, ZIP",a8231bfc-be2b-4f58-8242-adac033330ab,nuts3-boundaries-generalised-50m-osi-national-statistical-boundaries-2015,6,11,3,"50m, NUTS, NUTS3, National, OSi National Statistical Boundaries, Statistical, boundaries, dgigovernment, generalised, open data, osi",http://data-osi.opendata.arcgis.com/datasets/0a2fb3d4696a404093d095ea99be43f5_1
93,"HTML, Esri REST, GeoJSON, CSV, KML, ZIP",300a65dd-f2d3-4af7-bc83-736ea221754f,cork-city-local-electoral-areas-boundaries-generalised-20m-osi-national-administrative-bou-2015,6,14,3,"20m, Administrative, National, OSi National Administrative Boundaries, areas, boundaries, cork, dgigovernment, electoral, lea, local, open data, osi, ugeneralised",http://data-osi.opendata.arcgis.com/datasets/3e258b9085d14e228a7852b68203ecb5_2
94,"HTML, Esri REST, GeoJSON, CSV, KML, ZIP",8149df97-2608-4704-9fe8-d835921d6e07,settlements-generalised-100m-osi-national-statistical-boundaries-2015,6,9,3,"100m, Boundaries, Generalised, National, OSi, OSi National Statistical Boundaries, Settlements, Statistical, dgigovernment",http://data-osi.opendata.arcgis.com/datasets/e931911e755a40a1a69724105fc76688_0
95,"HTML, Esri REST, GeoJSON, CSV, KML, ZIP",b6e8f94a-0545-4209-b7c9-95d01e64a73e,gaeltacht-language-planning-area-boundaries-ungeneralised-osi-national-administrative-boun-2015,6,22,3,"Administrative, Areas, Gaeltacht, Language, Limistéir, National, Neamhghinearálaithe, Náisiúnta, OSi, OSi National Administrative Boundaries, Planning, Pleanáil, Riaracháin, Teanga, Teorainneacha Riaracháin Náisiúnta OSi, boundaries, dgigovernment, open data, osi, sonraí oscailte, teorainneacha, ungeneralised",http://data-osi.opendata.arcgis.com/datasets/2a2072b38dd64da69702b0249fc9284b_3
96,"HTML, Esri REST, GeoJSON, CSV, KML, ZIP",6e6b97b8-8a47-416f-85af-d1ebb1ff5c69,nuts2-boundaries-ungeneralised-osi-national-statistical-boundaries-2015,6,10,3,"NUTS, NUTS2, National, OSi National Statistical Boundaries, Statistical, boundaries, dgigovernment, open data, osi, ungeneralised",http://data-osi.opendata.arcgis.com/datasets/c4ca23aff96540b8a446b21795671258_3
97,"HTML, Esri REST, GeoJSON, CSV, KML, ZIP",28133e72-880f-4d4f-929e-6e498277b836,settlements-ungeneralised-osi-national-statistical-boundaries-2015,6,8,3,"National, OSi National Statistical Boundaries, Settlements, Statistical, boundaries, dgigovernment, osi, ungeneralised",http://data-osi.opendata.arcgis.com/datasets/059f9de9770147a2a18c5e5d710839ad_3
98,"HTML, Esri REST, GeoJSON, CSV, KML, ZIP",5f8ddcd8-bea3-49bf-87e6-66aa307c746a,settlements-generalised-20m-osi-national-statistical-boundaries-2015,6,9,3,"20m, Boundaries, Generalised, National, OSi, OSi National Statistical Boundaries, Settlements, Statistical, dgigovernment",http://data-osi.opendata.arcgis.com/datasets/683a44718232410e9b774d71c95682f4_1
99,"HTML, Esri REST, GeoJSON, CSV, KML, ZIP",9bc9476b-a326-4a9e-99a5-9ec5a98efd19,electoral-districts-boundaries-ungeneralised-osi-national-administrative-boundaries-2015,6,10,3,"Administrative, National, OSi National Administrative Boundaries, boundaries, dgigovernment, districts, electoral, open data, osi, ungeneralised",http://data-osi.opendata.arcgis.com/datasets/569de642b82a4e33b38392a575887239_3
100,"HTML, Esri REST, GeoJSON, CSV, KML, ZIP",f3be6d9f-bcda-4a83-af51-08fa5db8b90e,gaeltacht-boundaries-ungeneralised-osi-national-administrative-boundaries-2015,6,15,3,"Administrative, Gaeltacht, National, Neamhghinearálaithe, Náisiúnta, OSi National Administrative Boundaries, Riaracháin, Teorainneacha Riaracháin Náisiúnta OSi, boundaries, dgigovernment, open data, osi, sonraí oscailte, teorainneacha, ungeneralised",http://data-osi.opendata.arcgis.com/datasets/aa3980fab81f466bb67f86f045ad14f0_3
101,"HTML, Esri REST, GeoJSON, CSV, KML, ZIP",bb08b5d8-3a00-4b1a-832d-5afb5eceeb13,municipal-districts-generalised-100m-osi-national-administrative-boundaries,6,9,3,"Admin, Administrative, National, OSi National Administrative Boundaries, boundaries, cso, dgigovernment, municipal districts, osi",http://data-osi.opendata.arcgis.com/datasets/c6bedee5c40d400bbb3e85c356137059_6
102,"HTML, Esri REST, GeoJSON, CSV, KML, ZIP",b6a02a01-213d-4c1a-8616-4784a7e7b9df,civil-parishes-generalised-100m-osi-national-statutory-boundaries,6,8,3,"National, OSi National Statutory Boundaries, Statutory, boundaries, civil parishes, cso, dgigovernment, osi",http://data-osi.opendata.arcgis.com/datasets/326c23cc176a4db1b8c326297fd1fee8_9
103,"HTML, Esri REST, GeoJSON, CSV, KML, ZIP",2a0f9de3-0757-4514-b5a2-bb40e92d040b,rural-areas-generalised-20m-osi-national-administrative-boundaries,6,8,3,"Administrative, National, OSi National Administrative Boundaries, boundaries, cso, dgigovernment, osi, rural areas",http://data-osi.opendata.arcgis.com/datasets/6ce21c05c0aa4185a2c061de15021c15_13
104,"HTML, Esri REST, GeoJSON, CSV, KML, ZIP",97f7d8a8-1621-445e-b8b0-320bdff243b6,city-councils-generalised-50m-osi-national-administrative-boundaries,6,9,3,"Admin, Administrative, National, OSi National Administrative Boundaries, boundaries, city councils, cso, dgigovernment, osi",http://data-osi.opendata.arcgis.com/datasets/e9d9ee5edd1f4f05bf8ae1b4ca19ce25_1
105,"HTML, Esri REST, GeoJSON, CSV, KML, ZIP",592be1aa-51db-4be3-b7a3-0462c14c3e2d,baronies-generalised-50m-osi-national-statutory-boundaries,6,8,3,"National, OSi National Statutory Boundaries, Statutory, baronies, boundaries, cso, dgigovernment, osi",http://data-osi.opendata.arcgis.com/datasets/126a11b0ca8f41868b1c15093eaeaae6_4
106,"HTML, Esri REST, GeoJSON, CSV, KML, ZIP",b875a13c-79a7-4838-b172-eb17916f36bb,county-boundary-generalised-100m-osi-national-statutory-boundaries,6,8,3,"National, OSi National Statutory Boundaries, Statutory, boundaries, counties, cso, dgigovernment, osi",http://data-osi.opendata.arcgis.com/datasets/8d72c217f46f4decaedf4fc66d633e57_0
107,"HTML, Esri REST, GeoJSON, CSV, KML, ZIP",fb64f53f-48a5-41e0-a032-0d2a01059067,rural-areas-generalised-100m-osi-national-administrative-boundaries,6,8,3,"Administrative, National, OSi National Administrative Boundaries, boundaries, cso, dgigovernment, osi, rural areas",http://data-osi.opendata.arcgis.com/datasets/483761988d294336806655a8d1223e8e_12
108,"HTML, Esri REST, GeoJSON, CSV, KML, ZIP",1318030e-5820-4209-a4c5-3e03c6d4d2bb,civil-parishes-generalised-50m-osi-national-statutory-boundaries,6,8,3,"National, OSi National Statutory Boundaries, Statutory, boundaries, civil parishes, cso, dgigovernment, osi",http://data-osi.opendata.arcgis.com/datasets/f9c8c6397f724240b9f9c3e855526cd8_11
109,"HTML, Esri REST, GeoJSON, CSV, KML, ZIP",67f84ceb-4ec3-47af-b35a-da539ddfc865,municipal-districts-generalised-50m-osi-national-administrative-boundaries,6,9,3,"Admin, Administrative, National, OSi National Administrative Boundaries, boundaries, cso, dgigovernment, municipal districts, osi",http://data-osi.opendata.arcgis.com/datasets/8aa1a023931e4364b3bc41530ba129e6_8
110,"HTML, Esri REST, GeoJSON, CSV, KML, ZIP",5a933b67-9c26-473d-80cc-013d9dfa7dfe,county-boundary-generalised-20m-osi-national-statutory-boundaries,6,8,3,"National, OSi National Statutory Boundaries, Statutory, boundaries, counties, cso, dgigovernment, osi",http://data-osi.opendata.arcgis.com/datasets/aa3bb780e8a74905abd6cf849a25457c_1
111,"HTML, Esri REST, GeoJSON, CSV, KML, ZIP",a62c4bcb-5a59-4526-8af5-5b87bbb88e84,municipal-districts-generalised-20m-osi-national-administrative-boundaries,6,9,3,"Admin, Administrative, National, OSi National Administrative Boundaries, boundaries, cso, dgigovernment, municipal districts, osi",http://data-osi.opendata.arcgis.com/datasets/dfcb260e37824fb099a97e3cacb39404_7
112,"HTML, Esri REST, GeoJSON, CSV, KML, ZIP",de907c88-bbe1-4f63-b902-16557766a2ee,baronies-generalised-100m-osi-national-statutory-boundaries,6,8,3,"National, OSi National Statutory Boundaries, Statutory, baronies, boundaries, cso, dgigovernment, osi",http://data-osi.opendata.arcgis.com/datasets/182b4cc72e0d4d2dbcb14b192f1f50ac_3
113,"HTML, Esri REST, GeoJSON, CSV, KML, ZIP",fc5d7bbf-462b-4377-af86-95a5cff02f0e,civil-parishes-generalised-20m-osi-national-statutory-boundaries,6,8,3,"National, OSi National Statutory Boundaries, Statutory, boundaries, civil parishes, cso, dgigovernment, osi",http://data-osi.opendata.arcgis.com/datasets/6b172b6308ad437281c84e55effeb73f_10
114,"HTML, Esri REST, GeoJSON, CSV, KML, ZIP",fd92e7bc-0c74-45b4-a428-c732b4761e2d,rural-areas-generalised-50m-osi-national-administrative-boundaries,6,8,3,"Administrative, National, OSi National Administrative Boundaries, boundaries, cso, dgigovernment, osi, rural areas",http://data-osi.opendata.arcgis.com/datasets/4da1bfc2bbb646788e7f2fcc7656e697_14
115,"HTML, Esri REST, GeoJSON, CSV, KML, ZIP",49085de6-8988-4c1a-916d-0c3a1ec72865,city-councils-generalised-100m-osi-national-administrative-boundaries,6,9,3,"Admin, Administrative, City Councils, National, OSi National Administrative Boundaries, boundaries, cso, dgigovernment, osi",http://data-osi.opendata.arcgis.com/datasets/a1de701af1c8469ca2e39f431de57535_0
116,"HTML, Esri REST, GeoJSON, CSV, KML, ZIP",40a545e1-89f8-4f54-b672-db969b6aef7d,city-councils-generalised-20m-osi-national-administrative-boundaries,6,9,3,"Admin, Administrative, National, OSi National Administrative Boundaries, boundaries, city councils, cso, dgigovernment, osi",http://data-osi.opendata.arcgis.com/datasets/ee0234cd5e1d4abeb443b0784e0652aa_2
117,"HTML, Esri REST, GeoJSON, CSV, KML, ZIP",b7d3f942-8f34-4ccc-aa6d-003eebb41dc6,baronies-generalised-20m-osi-national-statutory-boundaries,6,8,3,"National, OSi National Statutory Boundaries, Statutory, baronies, boundaries, cso, dgigovernment, osi",http://data-osi.opendata.arcgis.com/datasets/c95c7dd713c24aaf8ce164205269ac9a_5
118,"HTML, Esri REST, GeoJSON, CSV, KML, ZIP",3f221aa3-e6d5-40b9-8d54-8e077de4ff55,county-boundary-generalised-50m-osi-national-statutory-boundaries,6,8,3,"National, OSi National Statutory Boundaries, Statutory, boundaries, counties, cso, dgigovernment, osi",http://data-osi.opendata.arcgis.com/datasets/f74e545de6944574b25c1eca5b3f3932_2
119,"HTML, Esri REST, GeoJSON, CSV, KML, ZIP",d4b093b9-abb4-483a-a53f-9fc853efeb46,constituency-boundaries-generalised-20m-osi-national-boundaries,6,3,3,"boundaries, constituencies, open data",http://data-osi.opendata.arcgis.com/datasets/d87613be0d494b118c577683dc31eb14_1
120,"HTML, Esri REST, GeoJSON, CSV, KML, ZIP",10358e79-9ab2-47e3-85d4-f248054bd627,constituency-boundaries-generalised-50m-osi-national-boundaries,6,3,3,"boundaries, constituencies, open data",http://data-osi.opendata.arcgis.com/datasets/d87613be0d494b118c577683dc31eb14_2
121,"HTML, Esri REST, GeoJSON, CSV, KML, ZIP",1f825bdb-bc13-4bde-946b-a1ff1f9ff1ba,constituency-boundaries-generalised-100m-osi-national-boundaries,6,3,3,"boundaries, constituencies, open data",http://data-osi.opendata.arcgis.com/datasets/d87613be0d494b118c577683dc31eb14_3
122,"HTML, Esri REST, GeoJSON, CSV, KML, ZIP",83bd794a-61fc-4473-b0f9-5e143cc8cd9e,nuts2-generalised-50m,6,4,3,"boundaries, nuts, nuts2, open data",http://data-osi.opendata.arcgis.com/datasets/2cd5ae59044445169d0ba576c8d5bc70_1
123,"HTML, Esri REST, GeoJSON, CSV, KML, ZIP",6452b1f7-e6ab-479e-88ef-352c86e71c67,nuts2-generalised-20m,6,4,3,"boundaries, nuts, nuts2, open data",http://data-osi.opendata.arcgis.com/datasets/2cd5ae59044445169d0ba576c8d5bc70_2
124,"HTML, Esri REST, GeoJSON, CSV, KML, ZIP",857225f4-38e6-4e26-8d55-33803eb9ed07,nuts2-ungeneralised,6,4,3,"boundaries, nuts, nuts2, open data",http://data-osi.opendata.arcgis.com/datasets/2cd5ae59044445169d0ba576c8d5bc70_3
125,"HTML, Esri REST, GeoJSON, CSV, KML, ZIP",63a9558d-d341-4dab-b5fc-f3ab1d24575a,nuts3-generalised-50m,6,5,3,"boundaries, nuts, nuts2, nuts3, open data",http://data-osi.opendata.arcgis.com/datasets/8e1da9ca81cb478d8146580b130abe08_1
126,"HTML, Esri REST, GeoJSON, CSV, KML, ZIP",69681d49-21a5-4bb9-b126-4acd3038a9dc,nuts3-generalised-20m,6,5,3,"boundaries, nuts, nuts2, nuts3, open data",http://data-osi.opendata.arcgis.com/datasets/8e1da9ca81cb478d8146580b130abe08_2
127,"HTML, Esri REST, GeoJSON, CSV, KML, ZIP",921b839f-355f-4a14-beff-ed8a5ad9d532,nuts3-ungeneralised,6,5,3,"boundaries, nuts, nuts2, nuts3, open data",http://data-osi.opendata.arcgis.com/datasets/8e1da9ca81cb478d8146580b130abe08_3
128,"HTML, Esri REST, GeoJSON, CSV, KML, ZIP",18c48af6-0e11-4c26-8e95-8cc5929dac1c,cork-city-local-electoral-areas-generalised-to-50m,6,4,3,"boundaries, cork, lea, open data",http://data-osi.opendata.arcgis.com/datasets/fc089acddcd24b1599f7d69b5ca76ae3_1
129,"HTML, Esri REST, GeoJSON, CSV, KML, ZIP",81068a97-4923-453a-843e-6bf4f140e570,cork-city-local-electoral-areas-ungeneralised,6,4,3,"boundaries, cork, lea, open data",http://data-osi.opendata.arcgis.com/datasets/fc089acddcd24b1599f7d69b5ca76ae3_3
130,"HTML, Esri REST, GeoJSON, CSV, KML, ZIP",8a6157b4-28f4-4346-bd7a-3454c2f0613e,cork-city-local-electoral-areas-generalised-to-20m,6,4,3,"boundaries, cork, lea, open data",http://data-osi.opendata.arcgis.com/datasets/fc089acddcd24b1599f7d69b5ca76ae3_2
131,"HTML, Esri REST, GeoJSON, CSV, KML, ZIP",61b21046-849d-486c-be2c-c1800bd9899e,province-boundaries-generalised-to-50m,6,3,3,"boundaries, provinces, open data",http://data-osi.opendata.arcgis.com/datasets/9c73e243b8bb4b77b097c56fd060859a_1
132,"HTML, Esri REST, GeoJSON, CSV, KML, ZIP",3217baef-af26-46ce-a54e-9ff6ec4751ae,province-boundaries-generalised-to-20m,6,3,3,"boundaries, provinces, open data",http://data-osi.opendata.arcgis.com/datasets/9c73e243b8bb4b77b097c56fd060859a_2
133,"HTML, Esri REST, GeoJSON, CSV, KML, ZIP",01648421-eaa6-469a-8c8f-e83487f22b4d,province-boundaries-ungeneralised,6,3,3,"boundaries, provinces, open data",http://data-osi.opendata.arcgis.com/datasets/9c73e243b8bb4b77b097c56fd060859a_3
134,"HTML, Esri REST, GeoJSON, CSV, KML, ZIP",8c3658f8-19db-45ef-b3ae-e90503f3fba0,electoral-districts-boundaries-generalised-to-50m-osi-national-statutory-boundaries,6,4,3,"electoral districts, osi, statutory boundaries, open data",http://data-osi.opendata.arcgis.com/datasets/001314e29d184e9190f6a950dafd2cb5_1
135,"HTML, Esri REST, GeoJSON, CSV, KML, ZIP",8866973e-d131-4baa-a1d1-c9964abe2a7a,electoral-districts-boundaries-generalised-to-20m-osi-national-statutory-boundaries,6,4,3,"electoral districts, osi, statutory boundaries, open data",http://data-osi.opendata.arcgis.com/datasets/001314e29d184e9190f6a950dafd2cb5_2
136,"HTML, Esri REST, GeoJSON, CSV, KML, ZIP",67dcd117-b639-453d-b243-bf0594a78a3f,electoral-districts-boundaries-ungeneralised-osi-national-statutory-boundaries,6,4,3,"electoral districts, osi, statutory boundaries, open data",http://data-osi.opendata.arcgis.com/datasets/001314e29d184e9190f6a950dafd2cb5_3
137,"HTML, Esri REST, GeoJSON, CSV, KML, ZIP",535cdb4a-c986-4c1b-b3fe-7d7edec2008a,gaeltacht-language-planning-area-boundaries-generalised-to-50m,6,5,3,"boundaries, gaeltacht, language, planning, open data",http://data-osi.opendata.arcgis.com/datasets/e234b82f77aa4344bd0f8719fb4393d0_1
138,"HTML, Esri REST, GeoJSON, CSV, KML, ZIP",7f6d553f-9427-4484-ac92-1947044b2cb1,gaeltacht-language-planning-area-boundaries-generalised-to-20m,6,5,3,"boundaries, gaeltacht, language, planning, open data",http://data-osi.opendata.arcgis.com/datasets/e234b82f77aa4344bd0f8719fb4393d0_2
139,"HTML, Esri REST, GeoJSON, CSV, KML, ZIP",4b8dc7ea-7939-4530-816b-2b7a88c477ce,gaeltacht-language-planning-area-boundaries-ungeneralised,6,5,3,"boundaries, gaeltacht, language, planning, open data",http://data-osi.opendata.arcgis.com/datasets/e234b82f77aa4344bd0f8719fb4393d0_3
140,"HTML, Esri REST, GeoJSON, CSV, KML, ZIP",9258f1b0-967e-4b32-ac46-da874b3b7784,gaeltacht-boundaries-generalised-to-20m,6,4,3,"boundaries, dgigovernment, gaeltact, open data",http://data-osi.opendata.arcgis.com/datasets/86932547d0784492b562e5601e62c2e1_2
141,"HTML, Esri REST, GeoJSON, CSV, KML, ZIP",e2392eb0-d084-49b3-ae23-e784a1e47dca,gaeltacht-boundaries-ungeneralised,6,4,3,"boundaries, dgigovernment, gaeltact, open data",http://data-osi.opendata.arcgis.com/datasets/86932547d0784492b562e5601e62c2e1_3
142,"HTML, Esri REST, GeoJSON, CSV, KML, ZIP",64350cd9-7a26-4966-b391-456345ced4bc,gaeltacht-language-planning-area-boundaries-generalised-to-100m,6,5,3,"boundaries, gaeltacht, language, planning, open data",http://data-osi.opendata.arcgis.com/datasets/e234b82f77aa4344bd0f8719fb4393d0_0
143,"HTML, Esri REST, GeoJSON, CSV, KML, ZIP",de598ddb-dba0-44f8-a8fe-50acb7b847b6,nuts3-generalised-100m,6,5,3,"boundaries, nuts, nuts2, nuts3, open data",http://data-osi.opendata.arcgis.com/datasets/8e1da9ca81cb478d8146580b130abe08_0
144,"HTML, Esri REST, GeoJSON, CSV, KML, ZIP",7d3dc575-97d2-4690-a671-700292f22fda,province-boundaries-generalised-to-100m,6,3,3,"boundaries, provinces, open data",http://data-osi.opendata.arcgis.com/datasets/9c73e243b8bb4b77b097c56fd060859a_0
145,"HTML, Esri REST, GeoJSON, CSV, KML, ZIP",c0cfd2f8-68fb-4272-b9b1-ec6682580666,nuts2-generalised-100m,6,4,3,"boundaries, nuts, nuts2, open data",http://data-osi.opendata.arcgis.com/datasets/2cd5ae59044445169d0ba576c8d5bc70_0
146,"HTML, Esri REST, GeoJSON, CSV, KML, ZIP",b7ab6234-0170-44d9-8bf6-858b0428a04f,gaeltacht-boundaries-generalised-to-100m,6,4,3,"boundaries, dgigovernment, gaeltact, open data",http://data-osi.opendata.arcgis.com/datasets/86932547d0784492b562e5601e62c2e1_0
147,"HTML, Esri REST, GeoJSON, CSV, KML, ZIP",edfd3eb1-9d9a-4d3c-b472-4406c36895af,constituency-boundaries-ungeneralised-osi-national-boundaries,6,3,3,"boundaries, constituencies, open data",http://data-osi.opendata.arcgis.com/datasets/d87613be0d494b118c577683dc31eb14_0
148,"HTML, Esri REST, GeoJSON, CSV, KML, ZIP",afbee854-b26b-4751-8e23-51e4901c7a82,cork-city-local-electoral-areas-generalised-to-100m,6,4,3,"boundaries, cork, lea, open data",http://data-osi.opendata.arcgis.com/datasets/fc089acddcd24b1599f7d69b5ca76ae3_0
149,"HTML, Esri REST, GeoJSON, CSV, KML, ZIP",2d54e5b1-de5c-4ab9-9e59-54743461fd9e,electoral-districts-boundaries-generalised-to-100m-osi-national-statutory-boundaries,6,4,3,"electoral districts, osi, statutory boundaries, open data",http://data-osi.opendata.arcgis.com/datasets/001314e29d184e9190f6a950dafd2cb5_0
150,"HTML, Esri REST, GeoJSON, CSV, KML, ZIP",2996e499-e0ee-42b5-842c-3c1138f06518,townland-boundaries-generalised-100m-osi-national-statutory-boundaries,6,9,3,"100, 20m, 50m, boundaries, generalised, osi, townlands, ungeneralised, open data",http://data-osi.opendata.arcgis.com/datasets/1c895c5fa0bb471292891c0998e25906_0
151,"HTML, Esri REST, GeoJSON, CSV, KML, ZIP",663e1b2b-9412-4d80-adb3-73388edc0fa3,gaeltacht-boundaries-generalised-to-50m,6,4,3,"boundaries, dgigovernment, gaeltact, open data",http://data-osi.opendata.arcgis.com/datasets/86932547d0784492b562e5601e62c2e1_1
152,"HTML, Esri REST, GeoJSON, CSV, KML, ZIP",eb5dea6f-9444-4acb-9065-f117a771d3a1,townland-boundaries-generalised-20m-osi-national-statutory-boundaries,6,9,3,"100, 20m, 50m, boundaries, generalised, osi, townlands, ungeneralised, open data",http://data-osi.opendata.arcgis.com/datasets/1c895c5fa0bb471292891c0998e25906_2
153,"HTML, Esri REST, GeoJSON, CSV, KML, ZIP",a639031e-0667-47d1-9bfe-78b358307d23,townland-boundaries-generalised-50m-osi-national-statutory-boundaries,6,9,3,"100, 20m, 50m, boundaries, generalised, osi, townlands, ungeneralised, open data",http://data-osi.opendata.arcgis.com/datasets/1c895c5fa0bb471292891c0998e25906_1
154,"HTML, Esri REST, GeoJSON, CSV, KML, ZIP",e215940f-ee51-4059-9711-8f1d5a87283a,townland-boundaries-ungeneralised-osi-national-statutory-boundaries,6,9,3,"100, 20m, 50m, boundaries, generalised, osi, townlands, ungeneralised, open data",http://data-osi.opendata.arcgis.com/datasets/1c895c5fa0bb471292891c0998e25906_3
